seat,year,party,votes_pc
Gopalganj-3,2008,AL,97.14
Gopalganj-2,2008,AL,96.06
Gopalganj-3,2001,AL,94.74
Gopalganj-2,2001,AL,94.05
Gopalganj-3,1996,AL,92.18
Cox's Bazar-3,2001,BNP,91.91
Gopalganj-1,2008,AL,91.6
Gopalganj-1,1996,AL,86.9
Gopalganj-2,1996,AL,86.31
Madaripur-2,2008,AL,83.29
Manikganj-2,2001,BNP,81.53
Sirajganj-1,2008,AL,80.66
Rangpur-6,2008,AL,79.98
Bogra-7,2001,BNP,78.95
Bogra-6,2001,BNP,78.56
Gopalganj-1,2001,AL,78.51
Madaripur-1,2008,AL,76.77
Gopalganj-2,1991,AL,75.79
Madaripur-2,2001,AL,73.91
Chittagong-1,1996,AL,72.86
Lakshmipur-2,2001,BNP,72.23
Feni-1,2001,BNP,72.21
Gopalganj-3,1991,AL,72.2
Bogra-7,1996,BNP,72.08
Comilla-1,1991,BNP,71.99
Sirajganj-1,2001,AL,71.72
Bogra-6,2008,BNP,71.59
Bogra-7,2008,BNP,71.19
Habiganj-3,2008,AL,70.37
Sunamganj-3,2008,AL,69.81
Madaripur-3,2008,AL,68.9
Jamalpur-5,2008,AL,68.66
Comilla-6,2001,BNP,68.49
Mymensingh-7,2008,AL,68.46
Comilla-1,1996,BNP,68.43
Feni-3,2001,BNP,68.37
Bagerhat-1,2008,AL,68.31
Mymensingh-9,2008,AL,68.01
Sirajganj-1,1996,AL,68.0
Mymensingh-11,2008,AL,68.0
Mymensingh-8,2008,AL,67.99
Mymensingh-3,2008,AL,67.95
Gazipur-3,2008,AL,67.71
Cox's Bazar-2,2001,AL,67.6
Comilla-1,2001,BNP,67.42
Chandpur-2,1996,AL,67.13
Sherpur-2,2008,AL,67.05
Madaripur-1,2001,AL,66.95
Bogra-7,1991,BNP,66.88
Barisal-4,2001,BNP,66.84
Netrokona-2,2008,AL,66.37
Faridpur-4,2008,AL,66.18
Lakshmipur-1,2001,BNP,65.92
Bhola-3,2001,BNP,65.8
Mymensingh-10,2008,AL,65.71
Tangail-1,2008,AL,65.7
Sirajganj-5,2001,BNP,65.45
Pirojpur-2,2008,AL,65.43
Dhaka-7,2008,AL,65.41
Feni-1,2008,BNP,65.39
Sunamganj-5,2008,AL,65.34
Mymensingh-4,2008,AL,65.32
Gopalganj-1,1991,AL,65.06
Shariatpur-3,2008,AL,64.94
Dhaka-9,2008,AL,64.93
Chittagong-3,1991,AL,64.83
Kishoreganj-5,2008,AL,64.83
Cox's Bazar-4,2001,BNP,64.81
Lalmonirhat-1,2008,AL,64.78
Comilla-11,2001,BNP,64.65
Madaripur-3,2001,AL,64.55
Habiganj-2,1996,AL,64.55
Gazipur-2,2008,AL,64.3
Dhaka-3,2001,BNP,64.15
Madaripur-1,1996,AL,64.11
Shariatpur-1,2008,AL,64.05
Habiganj-1,2008,AL,64.02
Narsingdi-5,2008,AL,64.0
Brahmanbaria-3,2008,AL,63.92
Mymensingh-2,2008,AL,63.85
Joypurhat-1,2001,BNP,63.8
Bogra-2,2001,BNP,63.77
Chittagong-3,2001,BNP,63.75
Dhaka-18,2008,AL,63.72
Comilla-5,2008,AL,63.66
Madaripur-2,1996,AL,63.49
Cox's Bazar-1,2001,BNP,63.36
Dhaka-10,2008,AL,63.3
Bogra-1,1996,BNP,63.22
Naogaon-5,1991,BNP,63.1
Jamalpur-3,2008,AL,63.1
Tangail-8,1996,AL,62.64
Chittagong-15,2001,BNP,62.52
Gazipur-4,2008,AL,62.33
Kishoreganj-1,2008,AL,62.2
Noakhali-2,2001,BNP,62.15
Shariatpur-2,1991,AL,62.08
Bhola-1,2001,BNP,62.06
Narsingdi-4,2008,AL,62.03
Dhaka-12,2008,AL,61.96
Dhaka-11,2008,AL,61.95
Noakhali-1,2001,BNP,61.88
Dhaka-19,2008,AL,61.87
Chittagong-13,1996,BNP,61.83
Khulna-1,2008,AL,61.83
Faridpur-1,2008,AL,61.82
Tangail-3,2008,AL,61.8
Kishoreganj-6,2008,AL,61.68
Nilphamari-2,2008,AL,61.61
Gazipur-5,2008,AL,61.52
Munshiganj-1,1991,BNP,61.43
Moulvibazar-4,2008,AL,61.43
Feni-2,2001,BNP,61.4
Faridpur-3,2001,BNP,61.3
Sirajganj-1,1991,AL,61.3
Jamalpur-2,2001,BNP,61.21
Bogra-1,2001,BNP,61.11
Natore-3,2008,AL,61.06
Kushtia-3,2001,BNP,61.05
Brahmanbaria-6,2008,AL,61.04
Patuakhali-3,2008,AL,60.96
Tangail-4,2008,AL,60.95
Jamalpur-2,2008,AL,60.95
Comilla-2,2001,BNP,60.78
Dhaka-1,1991,BNP,60.78
Dhaka-4,2008,AL,60.61
Netrokona-1,2008,AL,60.54
Faridpur-2,2008,AL,60.49
Dinajpur-2,2008,AL,60.45
Jamalpur-5,1996,AL,60.45
Pabna-3,2008,AL,60.42
Panchagarh-2,2008,AL,60.42
Dhaka-9,1991,BNP,60.35
Moulvibazar-1,2008,AL,60.3
Mymensingh-1,2008,AL,60.12
Naogaon-6,2008,AL,60.09
Naogaon-2,2008,AL,60.04
Bhola-4,2001,BNP,60.03
Naogaon-3,2008,AL,60.01
Naogaon-5,2008,AL,60.01
Habiganj-2,2008,AL,60.0
Dhaka-3,1996,BNP,59.91
Netrokona-3,2008,AL,59.91
Rajbari-1,2008,AL,59.91
Bogra-2,2008,BNP,59.9
Narail-2,2008,AL,59.84
Brahmanbaria-6,2001,BNP,59.82
Chandpur-2,2001,BNP,59.74
Bhola-2,2001,BNP,59.72
Mymensingh-6,2008,AL,59.72
Comilla-10,2008,AL,59.69
Barisal-5,2001,BNP,59.65
Rajshahi-2,2001,BNP,59.57
Sirajganj-3,2008,AL,59.48
Chittagong-13,1991,BNP,59.47
Tangail-3,1991,BNP,59.41
Jamalpur-4,2008,AL,59.38
Comilla-4,2001,BNP,59.3
Narayanganj-2,2008,AL,59.26
Shariatpur-2,1996,AL,59.21
Sylhet-4,2008,AL,59.1
Rajshahi-1,2001,BNP,59.07
Bhola-3,1996,BNP,58.98
Dhaka-16,2008,AL,58.97
Mymensingh-5,2008,AL,58.91
Shariatpur-2,2008,AL,58.9
Bogra-6,1996,BNP,58.89
Chandpur-3,2001,BNP,58.87
Dhaka-20,2008,AL,58.75
Bogra-4,2001,BNP,58.73
Panchagarh-1,2008,AL,58.67
Madaripur-3,1996,AL,58.63
Comilla-7,2001,BNP,58.61
Dhaka-10,1991,BNP,58.61
Jhalokati-2,2001,BNP,58.55
Dhaka-3,2008,AL,58.5
Noakhali-3,2001,BNP,58.48
Chittagong-6,2008,AL,58.44
Narsingdi-1,1991,BNP,58.42
Tangail-7,2008,AL,58.42
Lakshmipur-2,2008,BNP,58.34
Brahmanbaria-4,2008,AL,58.31
Sunamganj-1,2008,AL,58.27
Bagerhat-3,2008,AL,58.22
Bhola-4,2008,AL,58.22
Dhaka-15,2008,AL,58.21
Kushtia-1,2008,AL,58.18
Thakurgaon-1,2008,AL,58.15
Pirojpur-3,2001,BNP,58.13
Munshiganj-1,2001,BNP,58.11
Patuakhali-1,2008,AL,58.1
Comilla-10,2001,BNP,58.09
Chittagong-2,2008,BNP,58.08
Pabna-4,2008,AL,58.02
Brahmanbaria-5,2008,AL,58.01
Comilla-4,2008,AL,57.99
Manikganj-3,2008,AL,57.87
Munshiganj-2,2001,BNP,57.86
Khulna-2,2001,BNP,57.78
Jhenaidah-3,2001,BNP,57.76
Comilla-2,1991,BNP,57.73
Jessore-6,2008,AL,57.63
Tangail-2,2008,AL,57.6
Feni-2,2008,BNP,57.53
Bagerhat-2,2001,BNP,57.52
Joypurhat-2,2001,BNP,57.47
Narayanganj-2,2001,BNP,57.44
Natore-4,2008,AL,57.37
Chandpur-1,2001,BNP,57.33
Dhaka-3,1991,BNP,57.3
Dhaka-9,2001,BNP,57.29
Barisal-1,2008,AL,57.19
Feni-3,2008,BNP,57.12
Dhaka-12,2001,BNP,57.09
Sylhet-6,2008,AL,57.0
Dhaka-2,2008,AL,56.99
Chandpur-4,2001,BNP,56.98
Chuadanga-2,2001,BNP,56.96
Meherpur-1,2001,BNP,56.95
Sunamganj-1,2001,BNP,56.94
Jessore-3,2008,AL,56.9
Bogra-4,2008,BNP,56.74
Chittagong-8,2001,BNP,56.73
Khulna-5,2008,AL,56.69
Dhaka-7,1991,BNP,56.66
Dinajpur-1,2008,AL,56.61
Manikganj-1,2001,BNP,56.55
Jhalokati-2,2008,AL,56.55
Jhalokati-1,2008,AL,56.51
Chandpur-1,2008,AL,56.5
Dinajpur-3,2008,AL,56.48
Chuadanga-1,2008,AL,56.46
Cox's Bazar-4,2008,AL,56.44
Manikganj-3,2001,BNP,56.44
Shariatpur-3,2001,AL,56.32
Dinajpur-5,2008,AL,56.32
Dhaka-6,2008,AL,56.31
Bhola-2,2008,AL,56.24
Cox's Bazar-1,2008,BNP,56.2
Dhaka-8,1991,BNP,56.2
Lakshmipur-1,2008,BNP,56.18
Bagerhat-1,2001,AL,56.16
Chandpur-5,2008,AL,56.13
Comilla-8,1991,BNP,56.11
Sirajganj-3,2001,BNP,56.06
Tangail-8,2008,AL,55.97
Chittagong-4,2001,AL,55.94
Rajshahi-6,2008,AL,55.89
Noakhali-2,2008,BNP,55.89
Barisal-3,2001,BNP,55.76
Jamalpur-5,2001,AL,55.67
Jamalpur-4,1991,BNP,55.64
Chittagong-8,2008,AL,55.63
Bhola-4,1996,BNP,55.63
Narsingdi-2,2008,AL,55.6
Feni-1,1996,BNP,55.56
Noakhali-4,2001,BNP,55.52
Chandpur-2,2008,AL,55.51
Sylhet-1,2008,AL,55.5
Bogra-5,2001,BNP,55.49
Chuadanga-1,2001,BNP,55.49
Chittagong-5,1991,BNP,55.48
Meherpur-2,2001,BNP,55.47
Chittagong-11,2008,AL,55.42
Mymensingh-10,2001,AL,55.39
Dhaka-6,2001,BNP,55.38
Jamalpur-4,2001,BNP,55.37
Pabna-2,1991,BNP,55.34
Jhenaidah-4,2001,BNP,55.34
Joypurhat-1,2008,BNP,55.29
Moulvibazar-3,2008,AL,55.29
Kishoreganj-4,2008,AL,55.19
Pabna-2,2008,AL,55.13
Sunamganj-2,2008,AL,55.1
Sirajganj-2,2001,BNP,55.06
Sunamganj-2,2001,AL,55.01
Dhaka-1,1996,BNP,54.99
Sherpur-1,2008,AL,54.95
Dhaka-1,2008,AL,54.9
Kishoreganj-5,1991,AL,54.89
Dhaka-6,1991,BNP,54.87
Habiganj-4,2008,AL,54.86
Naogaon-2,2001,BNP,54.82
Naogaon-6,2001,BNP,54.81
Noakhali-1,2008,BNP,54.79
Patuakhali-2,2008,AL,54.79
Naogaon-4,2001,BNP,54.79
Patuakhali-4,2008,AL,54.75
Sylhet-5,2008,AL,54.72
Bogra-6,1991,BNP,54.67
Chittagong-12,2008,AL,54.67
Narail-1,2001,AL,54.65
Dhaka-10,2001,BNP,54.61
Comilla-6,2008,AL,54.6
Sunamganj-5,2001,BNP,54.58
Manikganj-1,2008,AL,54.57
Pabna-3,1991,BNP,54.51
Patuakhali-3,1991,AL,54.49
Jhenaidah-2,2001,BNP,54.45
Sylhet-2,2001,BNP,54.45
Dhaka-7,2001,BNP,54.44
Barisal-1,2001,BNP,54.4
Chittagong-3,2008,AL,54.36
Gazipur-2,1991,BNP,54.36
Natore-2,2008,AL,54.22
Madaripur-3,1991,AL,54.21
Khulna-4,2001,BNP,54.18
Naogaon-3,2001,BNP,54.1
Barisal-4,1996,BNP,54.1
Satkhira-1,2008,AL,54.07
Dhaka-5,2001,BNP,54.03
Magura-1,2008,AL,53.98
Comilla-3,2001,BNP,53.98
Dhaka-5,2008,AL,53.95
Pabna-1,2008,AL,53.78
Chittagong-13,2001,BNP,53.76
Thakurgaon-1,2001,BNP,53.75
Comilla-2,2008,BNP,53.72
Comilla-9,2001,BNP,53.68
Narayanganj-4,2001,BNP,53.62
Satkhira-1,2001,BNP,53.56
Jessore-1,2001,BNP,53.51
Brahmanbaria-3,2001,BNP,53.5
Lakshmipur-2,1991,BNP,53.5
Munshiganj-2,2008,AL,53.49
Sylhet-3,2008,AL,53.48
Khulna-1,1996,AL,53.46
Sylhet-1,2001,BNP,53.46
Chittagong-16,2008,BNP,53.44
Narsingdi-4,1991,BNP,53.4
Netrokona-4,2008,AL,53.34
Faridpur-2,2001,BNP,53.28
Comilla-1,2008,AL,53.24
Brahmanbaria-1,2008,AL,53.22
Jhenaidah-1,2008,AL,53.13
Rajshahi-5,2008,AL,53.12
Jessore-2,2008,AL,53.1
Mymensingh-11,2001,AL,53.09
Mymensingh-5,2001,BNP,53.09
Meherpur-1,2008,AL,53.08
Naogaon-5,1996,BNP,53.08
Rajshahi-1,2008,AL,53.07
Tangail-7,1991,BNP,53.06
Narsingdi-5,2001,AL,53.05
Shariatpur-1,1996,AL,52.95
Rajshahi-3,2008,AL,52.94
Pabna-5,2008,AL,52.92
Chittagong-10,2001,BNP,52.87
Pabna-2,2001,BNP,52.86
Jhalokati-1,2001,BNP,52.85
Comilla-8,2008,AL,52.84
Chittagong-9,2001,BNP,52.79
Faridpur-3,2008,AL,52.79
Bhola-3,2008,AL,52.77
Narsingdi-1,2001,BNP,52.76
Patuakhali-3,1996,AL,52.69
Jessore-5,2008,AL,52.63
Chittagong-4,1996,AL,52.59
Narsingdi-2,2001,BNP,52.46
Jessore-5,2001,BNP,52.45
Bogra-3,2001,BNP,52.45
Chittagong-1,1991,BNP,52.4
Chittagong-1,2008,AL,52.38
Chittagong-6,1996,BNP,52.36
Dinajpur-4,2001,BNP,52.31
Comilla-3,2008,BNP,52.3
Netrokona-1,2001,BNP,52.3
Comilla-11,2008,AL,52.28
Khulna-6,2008,AL,52.27
Natore-2,2001,BNP,52.26
Chandpur-3,2008,AL,52.25
Khulna-3,2001,BNP,52.2
Chandpur-5,2001,BNP,52.17
Khulna-3,2008,AL,52.16
Chittagong-8,1991,BNP,52.14
Narsingdi-3,2008,AL,52.11
Gaibandha-4,2008,AL,52.07
Feni-3,1996,BNP,52.07
Bogra-5,2008,AL,52.07
Chittagong-6,2001,AL,52.07
Dhaka-4,2001,BNP,52.02
Barguna-2,2008,AL,52.02
Dhaka-12,1991,BNP,52.0
Moulvibazar-3,2001,BNP,52.0
Kushtia-4,2008,AL,52.0
Mymensingh-11,1996,AL,51.96
Narsingdi-1,2008,AL,51.94
Khulna-1,2001,AL,51.93
Pabna-3,2001,BNP,51.93
Chittagong-11,2001,BNP,51.88
Naogaon-3,1996,BNP,51.78
Dinajpur-3,2001,BNP,51.77
Dhaka-11,2001,BNP,51.73
Kishoreganj-6,2001,BNP,51.72
Tangail-2,1991,BNP,51.72
Chittagong-15,2008,BNP,51.68
Jhenaidah-2,2008,AL,51.65
Lakshmipur-2,1996,BNP,51.65
Chittagong-10,2008,AL,51.63
Bogra-2,1996,BNP,51.58
Jessore-1,2008,AL,51.55
Moulvibazar-4,1991,AL,51.54
Naogaon-6,1996,BNP,51.52
Natore-3,2001,BNP,51.51
Jamalpur-4,1996,AL,51.48
Dhaka-5,1991,BNP,51.48
Rajshahi-4,2001,BNP,51.45
Kishoreganj-5,2001,AL,51.42
Dhaka-1,2001,BNP,51.41
Chittagong-3,1996,AL,51.36
Mymensingh-7,2001,AL,51.35
Bagerhat-1,1996,AL,51.35
Natore-1,1991,BNP,51.3
Barisal-2,2008,AL,51.29
Comilla-9,1996,AL,51.28
Chuadanga-2,2008,AL,51.26
Gazipur-4,2001,AL,51.22
Noakhali-6,1991,AL,51.2
Munshiganj-2,1991,BNP,51.2
Natore-1,2001,BNP,51.16
Tangail-1,1996,AL,51.13
Moulvibazar-4,1996,AL,51.03
Satkhira-3,2008,AL,50.99
Chandpur-4,2008,BNP,50.98
Netrokona-4,1996,AL,50.97
Chittagong-5,2001,BNP,50.96
Chittagong-12,2001,BNP,50.93
Netrokona-3,2001,BNP,50.93
Jhenaidah-4,2008,AL,50.91
Faridpur-1,2001,AL,50.87
Bogra-1,2008,AL,50.87
Bagerhat-3,2001,AL,50.87
Thakurgaon-2,2008,AL,50.82
Bagerhat-2,2008,AL,50.78
Manikganj-3,1991,BNP,50.75
Comilla-5,2001,BNP,50.74
Bhola-2,1996,AL,50.71
Chittagong-1,2001,BNP,50.68
Naogaon-3,1991,BNP,50.68
Jessore-4,2008,AL,50.65
Meherpur-2,2008,BNP,50.63
Khulna-4,2008,AL,50.62
Netrokona-4,1991,BNP,50.54
Kushtia-4,2001,BNP,50.53
Munshiganj-1,1996,BNP,50.52
Dhaka-2,2001,BNP,50.51
Mymensingh-2,2001,BNP,50.49
Joypurhat-2,1991,BNP,50.47
Netrokona-4,2001,BNP,50.47
Kushtia-3,2008,AL,50.42
Magura-2,2001,BNP,50.4
Joypurhat-2,2008,BNP,50.38
Jessore-3,2001,BNP,50.37
Munshiganj-2,1996,BNP,50.35
Narail-2,2001,AL,50.33
Sylhet-2,2008,AL,50.29
Patuakhali-3,2001,AL,50.27
Rajshahi-4,2008,AL,50.26
Tangail-3,1996,BNP,50.26
Barguna-1,2008,AL,50.24
Tangail-1,2001,AL,50.18
Bogra-5,1996,BNP,50.18
Noakhali-5,2008,AL,50.13
Manikganj-2,1996,BNP,50.07
Munshiganj-1,2008,AL,50.04
Khulna-2,2008,BNP,50.02
Naogaon-5,2001,AL,50.01
Narsingdi-4,2001,BNP,49.94
Comilla-11,1996,AL,49.93
Faridpur-4,2001,AL,49.82
Sherpur-2,2001,BNP,49.82
Jhenaidah-1,2001,AL,49.77
Jamalpur-3,1996,AL,49.71
Faridpur-4,1991,AL,49.64
Moulvibazar-3,1996,BNP,49.56
Barisal-3,1996,BNP,49.51
Dhaka-8,1996,AL,49.42
Sirajganj-5,2008,AL,49.4
Sherpur-3,2008,AL,49.39
Patuakhali-1,2001,BNP,49.36
Chittagong-2,2001,BNP,49.31
Chandpur-4,1996,BNP,49.26
Comilla-9,2008,AL,49.19
Narsingdi-3,2001,BNP,49.17
Bogra-3,2008,BNP,49.14
Jhenaidah-1,1991,BNP,49.1
Kushtia-1,2001,BNP,49.06
Chittagong-7,2001,BNP,49.03
Manikganj-2,1991,BNP,49.0
Jhenaidah-1,1996,BNP,48.98
Natore-1,1996,BNP,48.94
Tangail-3,2001,BNP,48.92
Tangail-4,1996,AL,48.92
Magura-2,2008,AL,48.9
Jamalpur-3,2001,AL,48.89
Pirojpur-1,2008,AL,48.83
Mymensingh-10,1996,AL,48.82
Chittagong-9,1996,AL,48.8
Kishoreganj-1,2001,AL,48.79
Jamalpur-1,2008,AL,48.77
Cox's Bazar-4,1991,BNP,48.75
Sherpur-3,2001,BNP,48.75
Brahmanbaria-6,1996,AL,48.73
Tangail-2,2001,BNP,48.66
Chittagong-9,2008,AL,48.56
Narayanganj-4,2008,AL,48.53
Comilla-8,2001,BNP,48.49
Jamalpur-5,1991,BNP,48.46
Bhola-2,1991,AL,48.4
Faridpur-4,1996,AL,48.39
Jhalokati-1,1991,BNP,48.36
Narsingdi-3,1996,BNP,48.33
Brahmanbaria-4,2001,BNP,48.32
Dinajpur-1,1991,AL,48.29
Noakhali-5,2001,BNP,48.25
Dhaka-8,2001,BNP,48.23
Bagerhat-1,1991,AL,48.22
Rajbari-1,2001,BNP,48.22
Chittagong-14,1996,BNP,48.21
Shariatpur-2,2001,AL,48.14
Netrokona-2,2001,AL,48.13
Natore-4,2001,BNP,48.03
Gazipur-4,1996,AL,47.99
Pabna-2,1996,AL,47.97
Sirajganj-2,2008,BNP,47.95
Joypurhat-2,1996,BNP,47.9
Tangail-7,2001,AL,47.9
Dhaka-4,1991,BNP,47.88
Thakurgaon-1,1991,AL,47.88
Shariatpur-3,1996,AL,47.87
Shariatpur-1,1991,AL,47.76
Faridpur-1,1996,AL,47.71
Rajshahi-1,1996,BNP,47.7
Habiganj-3,2001,AL,47.69
Barguna-1,1996,AL,47.68
Khulna-1,1991,AL,47.67
Barguna-2,2001,BNP,47.65
Barisal-1,1991,AL,47.6
Dhaka-11,1996,AL,47.6
Naogaon-4,1996,BNP,47.57
Chittagong-12,1991,AL,47.51
Dhaka-5,1996,AL,47.48
Tangail-4,2001,BNP,47.46
Dinajpur-4,1991,AL,47.43
Chittagong-5,1996,BNP,47.41
Habiganj-2,1991,AL,47.36
Patuakhali-1,1996,AL,47.33
Tangail-8,1991,BNP,47.32
Narsingdi-2,1991,BNP,47.32
Chittagong-12,1996,BNP,47.3
Narsingdi-3,1991,BNP,47.29
Jhenaidah-2,1991,BNP,47.28
Gazipur-3,2001,BNP,47.26
Patuakhali-2,2001,BNP,47.26
Dhaka-10,1996,AL,47.24
Sylhet-3,2001,BNP,47.22
Dhaka-4,1996,AL,47.11
Chittagong-8,1996,BNP,47.11
Manikganj-1,1991,BNP,47.09
Chittagong-4,1991,AL,47.07
Faridpur-3,1991,BNP,47.0
Dhaka-2,1996,BNP,46.97
Comilla-7,2008,AL,46.93
Khulna-2,1996,BNP,46.89
Mymensingh-5,1991,BNP,46.88
Narayanganj-2,1996,AL,46.8
Chittagong-10,1996,BNP,46.78
Dinajpur-4,2008,AL,46.72
Narsingdi-4,1996,AL,46.51
Bagerhat-3,1991,AL,46.49
Patuakhali-2,1996,AL,46.44
Chapai Nawabganj-1,1996,BNP,46.39
Barisal-4,2008,BNP,46.36
Magura-1,1991,BNP,46.35
Bogra-1,1991,BNP,46.34
Chittagong-10,1991,BNP,46.34
Magura-1,2001,AL,46.33
Noakhali-1,1996,BNP,46.29
Jamalpur-1,2001,BNP,46.28
Cox's Bazar-1,1996,BNP,46.23
Faridpur-2,1996,BNP,46.18
Dinajpur-5,1991,AL,46.17
Tangail-2,1996,AL,46.13
Narail-1,1996,AL,46.09
Pabna-3,1996,AL,46.08
Noakhali-4,2008,AL,46.03
Naogaon-6,1991,BNP,46.01
Patuakhali-1,1991,BNP,45.97
Panchagarh-2,2001,BNP,45.89
Netrokona-2,1996,AL,45.89
Narail-1,1991,AL,45.89
Noakhali-4,1996,BNP,45.88
Chittagong-2,1991,BNP,45.84
Netrokona-3,1996,BNP,45.82
Brahmanbaria-5,1996,AL,45.82
Sunamganj-3,2001,AL,45.81
Noakhali-2,1996,BNP,45.81
Rajshahi-3,2001,BNP,45.78
Jhenaidah-4,1996,BNP,45.78
Barisal-5,1996,BNP,45.75
Madaripur-1,1991,AL,45.73
Habiganj-4,1991,AL,45.69
Cox's Bazar-3,2008,BNP,45.64
Chapai Nawabganj-1,2008,AL,45.54
Pirojpur-1,1991,AL,45.53
Bhola-4,1991,AL,45.52
Jamalpur-1,1991,AL,45.51
Patuakhali-2,1991,AL,45.42
Noakhali-3,1996,BNP,45.4
Rajshahi-5,2001,BNP,45.37
Jhenaidah-3,2008,AL,45.32
Sylhet-4,2001,BNP,45.26
Dhaka-6,1996,AL,45.26
Chittagong-9,1991,BNP,45.23
Habiganj-4,2001,AL,45.21
Brahmanbaria-2,1991,BNP,45.16
Feni-3,1991,BNP,45.14
Barisal-1,1996,AL,45.12
Narail-2,1991,AL,45.04
Dhaka-7,1996,BNP,45.03
Barisal-5,2008,BNP,45.03
Jessore-6,2001,AL,45.0
Narsingdi-5,1996,AL,45.0
Narail-2,1996,AL,44.95
Lalmonirhat-3,2001,BNP,44.89
Lalmonirhat-1,2001,AL,44.82
Bhola-1,1996,AL,44.81
Dhaka-12,1996,BNP,44.75
Feni-2,1996,AL,44.71
Gazipur-4,1991,BNP,44.64
Gaibandha-5,2008,AL,44.61
Manikganj-3,1996,BNP,44.58
Magura-1,1996,AL,44.52
Kishoreganj-6,1991,BNP,44.49
Khulna-2,1991,BNP,44.47
Sirajganj-3,1996,BNP,44.46
Mymensingh-6,1996,AL,44.36
Dhaka-9,1996,AL,44.29
Cox's Bazar-4,1996,AL,44.28
Chittagong-11,1991,BNP,44.15
Bagerhat-3,1996,AL,44.11
Chandpur-3,1991,BNP,44.1
Moulvibazar-4,2001,AL,44.05
Comilla-2,1996,BNP,43.99
Rajshahi-2,1996,BNP,43.99
Mymensingh-10,1991,AL,43.96
Rangpur-5,2008,AL,43.94
Lakshmipur-1,1996,BNP,43.92
Chandpur-2,1991,BNP,43.91
Meherpur-1,1996,BNP,43.9
Mymensingh-9,2001,BNP,43.88
Thakurgaon-3,1996,AL,43.84
Sunamganj-3,1991,AL,43.78
Comilla-8,1996,BNP,43.77
Bogra-3,1996,BNP,43.76
Barisal-5,1991,BNP,43.71
Jhenaidah-3,1991,BNP,43.68
Magura-2,1991,AL,43.63
Pirojpur-3,2008,AL,43.61
Noakhali-3,2008,BNP,43.56
Jamalpur-2,1996,AL,43.55
Chapai Nawabganj-3,1996,BNP,43.52
Sherpur-1,2001,AL,43.52
Chittagong-2,1996,AL,43.46
Rajshahi-2,1991,BNP,43.4
Moulvibazar-1,2001,BNP,43.39
Cox's Bazar-3,1996,BNP,43.35
Khulna-5,1991,AL,43.32
Mymensingh-1,1996,BNP,43.16
Joypurhat-1,1996,BNP,43.11
Chapai Nawabganj-3,2008,AL,43.05
Dinajpur-5,2001,AL,43.05
Narayanganj-5,2001,BNP,43.04
Kishoreganj-1,1996,AL,43.04
Sunamganj-4,2001,BNP,42.97
Rajshahi-1,1991,BNP,42.92
Mymensingh-7,1996,AL,42.87
Dhaka-11,1991,BNP,42.8
Bogra-4,1996,BNP,42.77
Mymensingh-8,2001,BNP,42.77
Sylhet-4,1991,AL,42.76
Narsingdi-2,1996,BNP,42.76
Jessore-2,1996,AL,42.7
Gazipur-2,2001,AL,42.67
Tangail-6,2001,BNP,42.66
Dinajpur-2,2001,BNP,42.57
Kishoreganj-4,1991,AL,42.5
Faridpur-1,1991,AL,42.36
Patuakhali-4,1991,AL,42.26
Thakurgaon-2,1996,AL,42.26
Chittagong-11,1996,BNP,42.25
Thakurgaon-3,1991,AL,42.23
Dinajpur-1,1996,AL,42.17
Kushtia-3,1991,BNP,42.13
Moulvibazar-3,1991,AL,42.1
Narayanganj-5,1991,BNP,42.03
Dhaka-2,1991,BNP,41.85
Sunamganj-1,1996,AL,41.84
Sherpur-2,1991,AL,41.8
Chittagong-7,1996,BNP,41.68
Barisal-6,1996,AL,41.65
Chuadanga-1,1996,BNP,41.63
Jamalpur-2,1991,AL,41.61
Pabna-1,1996,AL,41.51
Khulna-5,1996,AL,41.41
Rajshahi-5,1996,BNP,41.34
Noakhali-2,1991,BNP,41.29
Mymensingh-9,1991,BNP,41.18
Dinajpur-4,1996,AL,41.13
Chandpur-5,1996,AL,41.11
Pabna-5,1996,BNP,41.1
Tangail-7,1996,BNP,41.1
Mymensingh-11,1991,BNP,41.03
Sherpur-2,1996,AL,41.01
Gaibandha-4,2001,BNP,40.98
Sirajganj-2,1991,BNP,40.94
Kishoreganj-1,1991,BNP,40.9
Jhenaidah-2,1996,BNP,40.9
Barisal-6,1991,BNP,40.8
Comilla-11,1991,BNP,40.78
Cox's Bazar-2,1996,BNP,40.77
Rangpur-4,2008,AL,40.75
Narayanganj-5,1996,AL,40.62
Lakshmipur-1,1991,BNP,40.56
Pabna-4,1996,AL,40.45
Barguna-1,1991,AL,40.4
Narayanganj-4,1991,BNP,40.33
Khulna-3,1991,BNP,40.31
Comilla-7,1996,AL,40.27
Dinajpur-5,1996,AL,40.25
Khulna-4,1996,AL,40.1
Habiganj-1,2001,AL,40.1
Barisal-6,2001,BNP,40.1
Mymensingh-5,1996,BNP,40.05
Netrokona-1,1996,AL,39.96
Tangail-5,1996,AL,39.96
Bogra-5,1991,BNP,39.91
Dinajpur-2,1991,AL,39.9
Magura-2,1996,AL,39.88
Narsingdi-1,1996,BNP,39.8
Kushtia-2,2001,BNP,39.79
Naogaon-2,1991,AL,39.76
Netrokona-2,1991,BNP,39.69
Sunamganj-3,1996,AL,39.67
Chandpur-3,1996,BNP,39.62
Moulvibazar-1,1996,AL,39.61
Feni-2,1991,AL,39.53
Panchagarh-1,2001,BNP,39.5
Jessore-5,1991,AL,39.45
Kushtia-3,1996,BNP,39.43
Mymensingh-3,2001,AL,39.4
Comilla-5,1991,AL,39.39
Faridpur-3,1996,BNP,39.38
Moulvibazar-2,1996,AL,39.35
Panchagarh-1,1991,BNP,39.35
Chapai Nawabganj-3,2001,BNP,39.35
Netrokona-3,1991,AL,39.29
Bagerhat-2,1996,AL,39.22
Mymensingh-9,1996,AL,39.2
Naogaon-2,1996,BNP,39.13
Dinajpur-6,2008,AL,39.06
Jessore-5,1996,AL,39.05
Nilphamari-4,2008,AL,38.96
Comilla-5,1996,AL,38.95
Chapai Nawabganj-1,2001,BNP,38.85
Dinajpur-2,1996,AL,38.84
Tangail-6,1991,BNP,38.83
Patuakhali-4,2001,AL,38.8
Narayanganj-4,1996,AL,38.78
Thakurgaon-2,2001,AL,38.78
Satkhira-3,1996,AL,38.73
Feni-1,1991,BNP,38.65
Sirajganj-2,1996,AL,38.62
Manikganj-1,1996,BNP,38.5
Tangail-1,1991,AL,38.44
Comilla-7,1991,BNP,38.41
Lakshmipur-4,2008,BNP,38.35
Mymensingh-4,2001,BNP,38.34
Faridpur-2,1991,AL,38.33
Pabna-4,2001,AL,38.3
Habiganj-1,1996,AL,38.29
Kushtia-1,1991,BNP,38.26
Mymensingh-2,1991,AL,38.25
Mymensingh-1,2001,AL,38.19
Sirajganj-3,1991,BNP,38.14
Nilphamari-2,2001,AL,38.11
Rajshahi-4,1991,AL,38.11
Kishoreganj-6,1996,BNP,38.09
Khulna-6,1996,AL,38.09
Kushtia-1,1996,BNP,38.08
Comilla-6,1996,AL,38.07
Brahmanbaria-2,1996,BNP,38.05
Sherpur-1,1996,AL,38.01
Barisal-2,2001,BNP,37.97
Chittagong-15,1996,BNP,37.96
Jessore-2,1991,AL,37.79
Tangail-6,1996,BNP,37.7
Bagerhat-2,1991,BNP,37.66
Kurigram-4,2008,AL,37.61
Natore-4,1996,AL,37.59
Jhenaidah-4,1991,BNP,37.53
Gazipur-3,1996,AL,37.52
Chapai Nawabganj-1,1991,BNP,37.48
Jessore-1,1991,AL,37.45
Jessore-1,1996,AL,37.44
Netrokona-1,1991,BNP,37.28
Rajshahi-5,1991,BNP,37.25
Mymensingh-8,1996,AL,37.22
Kishoreganj-4,1996,AL,37.22
Jhenaidah-3,1996,BNP,37.21
Bhola-1,1991,AL,37.21
Habiganj-4,1996,AL,37.1
Gazipur-2,1996,AL,36.98
Kishoreganj-5,1996,AL,36.97
Sirajganj-5,1996,AL,36.73
Noakhali-5,1996,AL,36.73
Comilla-10,1996,AL,36.65
Mymensingh-1,1991,AL,36.59
Brahmanbaria-1,1996,AL,36.46
Dinajpur-6,1996,AL,36.43
Jhalokati-2,1991,BNP,36.43
Comilla-4,1996,BNP,36.36
Jessore-4,1996,AL,36.31
Noakhali-4,1991,BNP,36.2
Meherpur-1,1991,AL,36.01
Comilla-10,1991,BNP,36.0
Bogra-4,1991,BNP,35.99
Sherpur-3,1996,AL,35.99
Panchagarh-2,1996,BNP,35.86
Natore-4,1991,AL,35.77
Natore-3,1996,BNP,35.65
Lakshmipur-4,2001,BNP,35.65
Brahmanbaria-3,1991,BNP,35.62
Natore-2,1996,BNP,35.52
Sylhet-6,1996,AL,35.49
Noakhali-6,1996,BNP,35.46
Mymensingh-2,1996,AL,35.45
Comilla-3,1991,BNP,35.44
Brahmanbaria-6,1991,BNP,35.43
Kushtia-2,1991,BNP,35.42
Mymensingh-3,1996,BNP,35.3
Jamalpur-1,1996,AL,35.27
Mymensingh-4,1991,BNP,35.22
Rajbari-1,1996,AL,35.22
Jessore-6,1996,AL,35.04
Panchagarh-1,1996,BNP,35.02
Nilphamari-4,2001,BNP,34.92
Khulna-4,1991,AL,34.83
Brahmanbaria-3,1996,BNP,34.83
Chandpur-1,1996,BNP,34.8
Satkhira-1,1996,AL,34.79
Patuakhali-4,1996,AL,34.75
Chuadanga-1,1991,BNP,34.67
Sherpur-3,1991,BNP,34.51
Jessore-4,1991,AL,34.25
Rajshahi-3,1996,BNP,34.25
Bogra-3,1991,BNP,34.23
Narayanganj-2,1991,BNP,34.19
Dinajpur-3,1996,BNP,34.02
Thakurgaon-1,1996,AL,33.98
Satkhira-4,1991,AL,33.97
Sirajganj-5,1991,BNP,33.93
Rajshahi-4,1996,BNP,33.84
Kishoreganj-4,2001,BNP,33.79
Pabna-4,1991,BNP,33.46
Nilphamari-1,2001,AL,33.44
Chuadanga-2,1996,BNP,33.34
Nilphamari-3,1991,AL,33.31
Khulna-3,1996,AL,33.18
Sunamganj-4,1996,BNP,33.11
Sunamganj-4,1991,AL,33.1
Lakshmipur-4,1991,BNP,33.09
Kushtia-2,1996,BNP,33.06
Mymensingh-3,1991,AL,32.74
Kushtia-4,1996,BNP,32.7
Sylhet-1,1996,AL,32.58
Jamalpur-3,1991,AL,32.52
Jessore-3,1996,AL,32.49
Jessore-3,1991,AL,32.23
Chandpur-4,1991,BNP,32.21
Tangail-5,2001,BNP,32.21
Chittagong-15,1991,AL,32.18
Sylhet-2,1996,AL,32.14
Noakhali-1,1991,BNP,31.97
Nilphamari-1,1991,AL,31.94
Mymensingh-7,1991,BNP,31.9
Brahmanbaria-4,1991,BNP,31.79
Sylhet-1,1991,BNP,31.69
Brahmanbaria-4,1996,AL,31.43
Meherpur-2,1991,BNP,31.36
Habiganj-2,2001,AL,31.19
Joypurhat-1,1991,BNP,30.97
Chandpur-1,1991,AL,30.69
Barisal-4,1991,AL,30.22
Cox's Bazar-3,1991,AL,30.2
Chandpur-5,1991,BNP,30.11
Brahmanbaria-1,2001,AL,29.68
Barisal-3,1991,BNP,29.54
Gazipur-3,1991,AL,29.53
Comilla-4,1991,BNP,29.34
Sunamganj-5,1996,AL,28.91
Mymensingh-6,1991,BNP,28.79
Rajbari-1,1991,AL,28.6
Kushtia-4,1991,AL,28.44
Natore-2,1991,AL,25.89
Sylhet-4,1996,BNP,25.77
Sylhet-5,1996,AL,25.22
Kurigram-3,1991,AL,23.74
Narsingdi-5,1991,BNP,23.08
Noakhali-3,1991,BNP,22.23
Lakshmipur-3,1991,BNP,
Lakshmipur-3,1996,BNP,
Lakshmipur-3,2001,BNP,
Lakshmipur-3,2008,BNP,
Chapai Nawabganj-2,1991,BNP,
Naogaon-1,1991,AL,
Sirajganj-4,1991,BNP,
Sirajganj-6,1991,BNP,
Kishoreganj-2,1991,BNP,
Kishoreganj-3,1991,BNP,
Munshiganj-3,1991,BNP,
Dhaka-13,1991,BNP,
Gazipur-1,1991,AL,
Narayanganj-1,1991,BNP,
Narayanganj-3,1991,BNP,
Khagrachari,1991,AL,
Rangamati,1991,AL,
Bandarban,1991,AL,
Naogaon-1,1996,BNP,
Sirajganj-4,1996,AL,
Sirajganj-6,1996,AL,
Bagerhat-4,1996,AL,
Kishoreganj-2,1996,BNP,
Kishoreganj-3,1996,AL,
Gazipur-1,1996,AL,
Narayanganj-1,1996,AL,
Rajbari-2,1996,AL,
Khagrachari,1996,AL,
Rangamati,1996,AL,
Bandarban,1996,AL,
Sirajganj-4,2001,BNP,
Sirajganj-6,2001,BNP,
Kishoreganj-2,2001,AL,
Narayanganj-1,2001,BNP,
Rajbari-2,2001,BNP,
Khagrachari,2001,BNP,
Rangamati,2001,BNP,
Chapai Nawabganj-2,2008,AL,
Naogaon-1,2008,AL,
Sirajganj-4,2008,AL,
Sirajganj-6,2008,AL,
Bagerhat-4,2008,AL,
Netrokona-5,2008,AL,
Munshiganj-3,2008,AL,
Dhaka-13,2008,AL,
Dhaka-14,2008,AL,
Gazipur-1,2008,AL,
Narayanganj-1,2008,AL,
Narayanganj-3,2008,AL,
Rajbari-2,2008,AL,
Khagrachari,2008,AL,
Rangamati,2008,AL,
