seat,year,party,turnout_pc
Mymensingh-1,2008,AL,95.6
Rajshahi-5,2008,AL,94.6
Naogaon-2,2008,AL,94.4
Cox's Bazar-3,2008,BNP,94.4
Jhenaidah-3,2008,AL,94.2
Brahmanbaria-1,2008,AL,94.1
Naogaon-3,2008,AL,94.0
Jessore-2,2008,AL,93.7
Natore-3,2008,AL,93.5
Jessore-5,2008,AL,93.3
Rajshahi-4,2008,AL,93.3
Meherpur-2,2008,BNP,93.1
Natore-4,2008,AL,93.1
Rajshahi-1,2008,AL,93.0
Panchagarh-2,2008,AL,93.0
Thakurgaon-1,2008,AL,92.94
Dinajpur-1,2008,AL,92.9
Rajshahi-3,2008,AL,92.9
Jessore-1,2008,AL,92.9
Dinajpur-2,2008,AL,92.9
Sirajganj-3,2008,AL,92.8
Chapai Nawabganj-1,2008,AL,92.8
Rangpur-4,2008,AL,92.8
Chuadanga-2,2008,AL,92.7
Thakurgaon-2,2008,AL,92.7
Satkhira-1,2008,AL,92.7
Dinajpur-4,2008,AL,92.7
Chittagong-9,2008,AL,92.4
Joypurhat-2,2008,BNP,92.4
Jhenaidah-1,2008,AL,92.3
Rajshahi-4,2001,BNP,92.2
Bogra-2,2008,BNP,92.1
Chuadanga-1,2008,AL,92.1
Panchagarh-1,2008,AL,91.7
Pabna-4,2008,AL,91.6
Bogra-5,2008,AL,91.6
Rajshahi-6,2008,AL,91.6
Jhenaidah-4,2008,AL,91.6
Kishoreganj-6,2008,AL,91.5
Naogaon-6,2008,AL,91.5
Dinajpur-6,2008,AL,91.4
Jhenaidah-2,2008,AL,91.4
Narayanganj-2,2008,AL,91.3
Magura-2,2008,AL,91.2
Jessore-4,2008,AL,91.2
Kushtia-1,2008,AL,91.2
Pabna-1,2008,AL,91.2
Pabna-3,2008,AL,91.2
Khulna-5,2008,AL,91.2
Natore-2,2008,AL,91.1
Kushtia-4,2008,AL,91.1
Magura-1,2008,AL,91.1
Nilphamari-4,2008,AL,91.07
Jessore-6,2008,AL,91.0
Dinajpur-5,2008,AL,90.9
Joypurhat-1,2008,BNP,90.9
Bogra-4,2008,BNP,90.9
Nilphamari-2,2008,AL,90.7
Meherpur-1,2008,AL,90.6
Comilla-9,2008,AL,90.5
Satkhira-3,2008,AL,90.5
Rangpur-5,2008,AL,90.4
Lalmonirhat-1,2008,AL,90.4
Bogra-1,2008,AL,90.2
Tangail-4,2008,AL,90.2
Natore-1,1996,BNP,90.1
Pabna-2,2008,AL,90.1
Tangail-1,2008,AL,90.0
Jessore-6,2001,AL,90.0
Rangpur-6,2008,AL,90.0
Bogra-3,2008,BNP,90.0
Satkhira-1,2001,BNP,89.9
Chapai Nawabganj-1,2001,BNP,89.7
Narsingdi-3,2008,AL,89.7
Khulna-1,2008,AL,89.7
Naogaon-5,2008,AL,89.7
Manikganj-1,2008,AL,89.6
Gaibandha-4,2008,AL,89.5
Bagerhat-1,2008,AL,89.4
Faridpur-1,2008,AL,89.4
Bagerhat-3,2008,AL,89.3
Cox's Bazar-1,2008,BNP,89.3
Meherpur-1,2001,BNP,89.3
Gazipur-5,2008,AL,89.1
Chuadanga-2,2001,BNP,89.1
Dinajpur-3,2008,AL,89.1
Khulna-6,2008,AL,89.1
Naogaon-2,2001,BNP,89.1
Faridpur-2,2008,AL,89.0
Sirajganj-5,2008,AL,89.0
Bagerhat-2,2008,AL,89.0
Khulna-4,2008,AL,88.9
Narsingdi-5,2008,AL,88.9
Jhenaidah-3,1996,BNP,88.8
Dhaka-1,2008,AL,88.8
Tangail-8,2008,AL,88.8
Jessore-1,2001,BNP,88.8
Jamalpur-4,2008,AL,88.8
Patuakhali-4,2008,AL,88.8
Tangail-2,2008,AL,88.7
Kushtia-1,1996,BNP,88.7
Manikganj-3,2008,AL,88.7
Jhenaidah-3,2001,BNP,88.7
Gaibandha-5,2008,AL,88.6
Narsingdi-4,2008,AL,88.6
Rajshahi-1,2001,BNP,88.6
Rajbari-1,2008,AL,88.5
Kishoreganj-5,2008,AL,88.5
Dhaka-20,2008,AL,88.5
Kushtia-3,2008,AL,88.5
Narsingdi-2,2008,AL,88.5
Cox's Bazar-4,2008,AL,88.4
Naogaon-4,2001,BNP,88.3
Jamalpur-3,2008,AL,88.3
Sunamganj-2,2008,AL,88.1
Meherpur-2,2001,BNP,88.1
Naogaon-3,2001,BNP,88.1
Bogra-7,2008,BNP,88.0
Chapai Nawabganj-3,2008,AL,88.0
Chittagong-12,2008,AL,88.0
Jessore-5,2001,BNP,88.0
Jessore-2,1996,AL,88.0
Rajshahi-4,1996,BNP,88.0
Natore-2,2001,BNP,87.9
Thakurgaon-2,2001,AL,87.9
Natore-1,2001,BNP,87.9
Gazipur-4,2008,AL,87.8
Pabna-5,2008,AL,87.7
Thakurgaon-1,2001,BNP,87.7
Sirajganj-2,2008,BNP,87.7
Moulvibazar-1,2001,BNP,87.7
Rajshahi-5,1996,BNP,87.6
Jhenaidah-1,1996,BNP,87.6
Jamalpur-2,2008,AL,87.6
Chittagong-6,2008,AL,87.4
Narail-2,2008,AL,87.4
Natore-3,2001,BNP,87.4
Shariatpur-3,2008,AL,87.4
Tangail-3,2008,AL,87.4
Gopalganj-3,2001,AL,87.3
Narsingdi-1,2008,AL,87.3
Habiganj-4,2008,AL,87.1
Rajshahi-1,1996,BNP,87.1
Pirojpur-1,2008,AL,87.1
Meherpur-1,1996,BNP,87.1
Netrokona-4,2008,AL,87.1
Sylhet-2,2008,AL,87.1
Chuadanga-1,2001,BNP,87.0
Barisal-1,2008,AL,87.0
Naogaon-6,2001,BNP,87.0
Moulvibazar-1,2008,AL,87.0
Sherpur-2,2008,AL,86.9
Joypurhat-2,2001,BNP,86.8
Gopalganj-3,2008,AL,86.8
Chandpur-5,2008,AL,86.7
Kushtia-2,2001,BNP,86.7
Sunamganj-1,2008,AL,86.7
Satkhira-1,1996,AL,86.7
Sherpur-1,2008,AL,86.6
Bogra-6,2008,BNP,86.6
Natore-4,2001,BNP,86.6
Kishoreganj-4,2008,AL,86.6
Brahmanbaria-6,2008,AL,86.5
Gazipur-3,2008,AL,86.5
Sunamganj-5,2008,AL,86.5
Chittagong-11,2008,AL,86.5
Tangail-7,2008,AL,86.4
Barisal-2,2008,AL,86.4
Faridpur-3,2008,AL,86.4
Bogra-4,2001,BNP,86.4
Chandpur-1,2008,AL,86.4
Mymensingh-11,2008,AL,86.4
Rajshahi-3,2001,BNP,86.4
Bogra-3,2001,BNP,86.3
Shariatpur-2,2008,AL,86.3
Dinajpur-4,2001,BNP,86.3
Panchagarh-1,2001,BNP,86.15
Chapai Nawabganj-1,1996,BNP,86.1
Natore-2,1996,BNP,86.1
Sylhet-4,2008,AL,86.0
Kushtia-1,2001,BNP,86.0
Kurigram-4,2008,AL,86.0
Comilla-7,2008,AL,86.0
Netrokona-3,2008,AL,85.9
Dinajpur-2,2001,BNP,85.9
Brahmanbaria-3,2008,AL,85.9
Mymensingh-5,2008,AL,85.9
Faridpur-4,2008,AL,85.9
Noakhali-5,2008,AL,85.8
Bogra-3,1996,BNP,85.8
Tangail-4,1996,AL,85.8
Rajshahi-5,2001,BNP,85.8
Jessore-1,1996,AL,85.7
Moulvibazar-4,2008,AL,85.7
Jhenaidah-2,2001,BNP,85.7
Chittagong-15,2008,BNP,85.7
Naogaon-5,1996,BNP,85.7
Comilla-4,2008,AL,85.6
Magura-2,2001,BNP,85.6
Sirajganj-1,2008,AL,85.6
Madaripur-1,2008,AL,85.6
Chittagong-1,2008,AL,85.5
Brahmanbaria-4,2008,AL,85.5
Jamalpur-5,2008,AL,85.5
Jhenaidah-1,2001,AL,85.5
Barguna-2,2008,AL,85.5
Naogaon-3,1996,BNP,85.4
Jhenaidah-4,2001,BNP,85.3
Munshiganj-1,2008,AL,85.3
Chuadanga-2,1996,BNP,85.3
Patuakhali-3,2008,AL,85.3
Sunamganj-3,2008,AL,85.2
Naogaon-6,1996,BNP,85.2
Sylhet-3,2008,AL,85.2
Chittagong-2,2008,BNP,85.1
Joypurhat-1,2001,BNP,85.1
Jessore-6,1996,AL,85.1
Jessore-5,1996,AL,85.1
Panchagarh-2,2001,BNP,85.1
Pirojpur-3,2008,AL,85.0
Habiganj-2,2008,AL,85.0
Bogra-2,2001,BNP,84.9
Kushtia-2,1996,BNP,84.9
Naogaon-4,1996,BNP,84.9
Naogaon-5,2001,AL,84.9
Sherpur-3,2008,AL,84.9
Munshiganj-2,2008,AL,84.9
Moulvibazar-3,2008,AL,84.8
Barisal-4,2008,BNP,84.8
Shariatpur-1,2008,AL,84.8
Bhola-3,2008,AL,84.7
Chuadanga-1,1996,BNP,84.6
Khulna-5,1996,AL,84.6
Bhola-4,2008,AL,84.5
Mymensingh-3,2008,AL,84.5
Comilla-3,2008,BNP,84.5
Mymensingh-10,2008,AL,84.5
Jhenaidah-2,1996,BNP,84.4
Pirojpur-2,2008,AL,84.4
Sirajganj-3,2001,BNP,84.4
Comilla-8,2008,AL,84.4
Kushtia-4,1996,BNP,84.4
Jhalokati-2,2008,AL,84.4
Dinajpur-5,2001,AL,84.4
Magura-2,1996,AL,84.3
Mymensingh-8,2008,AL,84.3
Kushtia-3,1996,BNP,84.3
Noakhali-4,2008,AL,84.3
Khulna-1,2001,AL,84.2
Pabna-3,2001,BNP,84.2
Natore-4,1996,AL,84.2
Pabna-1,1996,AL,84.2
Kishoreganj-1,2008,AL,84.2
Mymensingh-2,2008,AL,84.2
Jessore-3,2008,AL,84.1
Netrokona-2,2008,AL,84.1
Chapai Nawabganj-3,2001,BNP,84.1
Rajshahi-2,1996,BNP,84.1
Jessore-4,1996,AL,84.0
Magura-1,2001,AL,84.0
Madaripur-3,2008,AL,84.0
Kushtia-4,2001,BNP,83.9
Rajshahi-3,1996,BNP,83.8
Lakshmipur-2,2008,BNP,83.7
Feni-3,2008,BNP,83.7
Pabna-3,1996,AL,83.7
Naogaon-2,1996,BNP,83.6
Dhaka-2,2008,AL,83.6
Patuakhali-2,2008,AL,83.6
Joypurhat-1,1996,BNP,83.6
Magura-1,1996,AL,83.5
Narsingdi-3,1996,BNP,83.5
Comilla-2,2008,BNP,83.4
Dinajpur-3,2001,BNP,83.4
Brahmanbaria-5,2008,AL,83.4
Nilphamari-2,2001,AL,83.4
Patuakhali-1,2008,AL,83.4
Jhalokati-1,2008,AL,83.3
Bhola-2,2008,AL,83.3
Joypurhat-2,1996,BNP,83.3
Habiganj-1,2008,AL,83.3
Bogra-7,2001,BNP,83.2
Gazipur-3,1996,AL,83.2
Comilla-5,2008,AL,83.2
Comilla-1,2008,AL,83.1
Pabna-4,2001,AL,83.1
Narsingdi-4,1996,AL,82.9
Khulna-6,1996,AL,82.9
Chapai Nawabganj-3,1996,BNP,82.8
Bagerhat-1,1996,AL,82.8
Kushtia-3,2001,BNP,82.8
Chandpur-3,2008,AL,82.8
Noakhali-2,2008,BNP,82.8
Pabna-4,1996,AL,82.8
Netrokona-1,2008,AL,82.8
Narayanganj-2,1996,AL,82.8
Faridpur-3,1996,BNP,82.8
Pabna-2,1996,AL,82.7
Habiganj-3,2008,AL,82.7
Gopalganj-1,2008,AL,82.6
Faridpur-1,1996,AL,82.6
Bogra-4,1996,BNP,82.5
Barguna-1,2008,AL,82.3
Bagerhat-2,2001,BNP,82.3
Sylhet-6,2008,AL,82.3
Chandpur-2,2008,AL,82.2
Sylhet-5,2008,AL,82.1
Khulna-2,1996,BNP,82.1
Dhaka-6,2008,AL,82.0
Bagerhat-2,1996,AL,82.0
Mymensingh-7,2008,AL,82.0
Mymensingh-6,2008,AL,82.0
Panchagarh-1,1996,BNP,81.81
Chittagong-3,2008,AL,81.8
Bagerhat-1,2001,AL,81.8
Lakshmipur-1,2008,BNP,81.7
Faridpur-1,2001,AL,81.6
Comilla-10,2008,AL,81.5
Rajshahi-2,2001,BNP,81.5
Mymensingh-9,2008,AL,81.5
Narsingdi-2,1996,BNP,81.5
Jessore-3,2001,BNP,81.4
Satkhira-3,1996,AL,81.4
Jessore-3,1996,AL,81.4
Manikganj-3,1996,BNP,81.1
Dinajpur-2,1996,AL,81.1
Gopalganj-2,2008,AL,81.1
Dhaka-7,2008,AL,81.1
Khulna-4,2001,BNP,81.0
Comilla-11,2008,AL,80.9
Madaripur-2,2008,AL,80.8
Jhenaidah-4,1996,BNP,80.8
Bogra-5,1996,BNP,80.8
Jamalpur-1,2008,AL,80.7
Narsingdi-2,2001,BNP,80.6
Bogra-2,1996,BNP,80.6
Narayanganj-2,2001,BNP,80.5
Manikganj-2,1996,BNP,80.5
Natore-3,1996,BNP,80.5
Bagerhat-3,2001,AL,80.5
Tangail-7,2001,AL,80.5
Gaibandha-4,2001,BNP,80.5
Khulna-1,1996,AL,80.4
Gazipur-3,2001,BNP,80.4
Narsingdi-3,2001,BNP,80.4
Narsingdi-4,2001,BNP,80.3
Gopalganj-2,2001,AL,80.2
Dhaka-4,2008,AL,80.1
Feni-2,2008,BNP,80.1
Dhaka-1,1996,BNP,80.0
Barisal-5,2008,BNP,79.9
Comilla-6,2008,AL,79.9
Sunamganj-2,2001,AL,79.8
Sirajganj-2,1996,AL,79.8
Chittagong-8,2008,AL,79.8
Gopalganj-3,1996,AL,79.8
Manikganj-3,2001,BNP,79.7
Narayanganj-5,1996,AL,79.7
Rajbari-1,1996,AL,79.6
Noakhali-3,2008,BNP,79.6
Dhaka-2,1996,BNP,79.6
Tangail-7,1996,BNP,79.6
Narayanganj-4,2008,AL,79.6
Bogra-7,1996,BNP,79.5
Gazipur-4,2001,AL,79.5
Tangail-3,1996,BNP,79.4
Netrokona-4,1996,AL,79.3
Kishoreganj-6,2001,BNP,79.3
Mymensingh-4,2008,AL,79.0
Sirajganj-3,1996,BNP,79.0
Faridpur-2,2001,BNP,79.0
Gazipur-4,1996,AL,78.9
Khulna-4,1996,AL,78.8
Brahmanbaria-1,2001,AL,78.8
Dinajpur-3,1996,BNP,78.8
Dhaka-1,2001,BNP,78.8
Munshiganj-2,1996,BNP,78.7
Munshiganj-1,1996,BNP,78.7
Tangail-3,2001,BNP,78.7
Feni-1,2008,BNP,78.7
Natore-1,1991,BNP,78.6
Dhaka-5,2008,AL,78.5
Chittagong-1,1996,AL,78.5
Dhaka-2,2001,BNP,78.5
Tangail-8,1996,AL,78.4
Pabna-2,2001,BNP,78.4
Sherpur-2,2001,BNP,78.3
Khulna-3,2008,AL,78.3
Thakurgaon-1,1996,AL,78.3
Narail-2,1996,AL,78.2
Bogra-6,1996,BNP,78.2
Netrokona-1,2001,BNP,78.2
Gazipur-2,2008,AL,78.1
Tangail-4,2001,BNP,78.1
Chandpur-4,2008,BNP,78.0
Moulvibazar-1,1996,AL,78.0
Manikganj-1,1996,BNP,78.0
Narail-2,2001,AL,78.0
Khulna-3,1996,AL,78.0
Pabna-5,1996,BNP,77.9
Dinajpur-6,1996,AL,77.9
Nilphamari-1,2001,AL,77.9
Shariatpur-3,1996,AL,77.8
Tangail-5,1996,AL,77.8
Dhaka-9,2008,AL,77.7
Noakhali-1,2008,BNP,77.7
Nilphamari-4,2001,BNP,77.7
Chittagong-13,1996,BNP,77.7
Bogra-5,2001,BNP,77.6
Jamalpur-5,2001,AL,77.6
Faridpur-3,2001,BNP,77.5
Lakshmipur-4,2008,BNP,77.4
Lalmonirhat-1,2001,AL,77.4
Dinajpur-5,1996,AL,77.4
Netrokona-2,2001,AL,77.4
Thakurgaon-3,1996,AL,77.4
Brahmanbaria-2,1996,BNP,77.2
Barisal-1,1996,AL,77.2
Sirajganj-2,2001,BNP,77.1
Brahmanbaria-3,1996,BNP,77.0
Chapai Nawabganj-1,1991,BNP,76.9
Faridpur-2,1996,BNP,76.8
Jamalpur-4,2001,BNP,76.8
Dhaka-3,2008,AL,76.8
Rajshahi-4,1991,AL,76.8
Narayanganj-5,2001,BNP,76.8
Bagerhat-3,1996,AL,76.8
Kishoreganj-6,1996,BNP,76.7
Manikganj-2,2001,BNP,76.7
Panchagarh-2,1996,BNP,76.7
Netrokona-4,2001,BNP,76.7
Chittagong-2,1996,AL,76.6
Tangail-1,1996,AL,76.6
Tangail-5,2001,BNP,76.6
Rajshahi-5,1991,BNP,76.5
Barisal-1,2001,BNP,76.5
Narsingdi-5,1996,AL,76.5
Bogra-6,2001,BNP,76.4
Chittagong-2,2001,BNP,76.4
Khulna-2,2008,BNP,76.3
Chittagong-16,2008,BNP,76.3
Habiganj-4,2001,AL,76.3
Narail-1,2001,AL,76.2
Jamalpur-5,1996,AL,76.2
Chittagong-1,2001,BNP,76.2
Sunamganj-1,2001,BNP,76.2
Narsingdi-5,2001,AL,76.1
Mymensingh-10,2001,AL,76.1
Brahmanbaria-6,1996,AL,76.1
Brahmanbaria-4,1996,AL,76.0
Moulvibazar-4,2001,AL,76.0
Sylhet-1,2008,AL,76.0
Meherpur-1,1991,AL,75.9
Gazipur-2,1996,AL,75.9
Tangail-2,2001,BNP,75.9
Jamalpur-1,2001,BNP,75.8
Dhaka-19,2008,AL,75.8
Dinajpur-1,1996,AL,75.8
Moulvibazar-4,1996,AL,75.7
Khulna-3,2001,BNP,75.7
Dhaka-18,2008,AL,75.7
Brahmanbaria-1,1996,AL,75.6
Tangail-2,1996,AL,75.6
Moulvibazar-2,1996,AL,75.5
Moulvibazar-3,1996,BNP,75.5
Mymensingh-1,2001,AL,75.3
Kishoreganj-5,1996,AL,75.3
Dhaka-3,1996,BNP,75.3
Sirajganj-5,1996,AL,75.3
Habiganj-4,1996,AL,75.3
Thakurgaon-2,1996,AL,75.3
Mymensingh-11,2001,AL,75.3
Moulvibazar-3,2001,BNP,75.2
Lalmonirhat-3,2001,BNP,75.2
Comilla-9,1996,AL,75.2
Satkhira-4,1991,AL,75.2
Netrokona-3,2001,BNP,75.1
Gopalganj-2,1996,AL,75.1
Comilla-9,2001,BNP,75.1
Dinajpur-4,1996,AL,75.0
Dhaka-12,1996,BNP,74.9
Dhaka-10,2008,AL,74.9
Jamalpur-4,1996,AL,74.8
Cox's Bazar-3,1996,BNP,74.8
Tangail-1,2001,AL,74.8
Manikganj-1,2001,BNP,74.7
Cox's Bazar-1,2001,BNP,74.7
Narail-1,1996,AL,74.7
Kishoreganj-4,2001,BNP,74.6
Feni-1,1996,BNP,74.5
Chittagong-13,2001,BNP,74.5
Comilla-7,2001,BNP,74.4
Rajshahi-1,1991,BNP,74.3
Jessore-1,1991,AL,74.3
Rajshahi-2,1991,BNP,74.3
Dhaka-16,2008,AL,74.3
Narsingdi-1,1996,BNP,74.3
Netrokona-1,1996,AL,74.2
Cox's Bazar-1,1996,BNP,74.2
Kishoreganj-1,2001,AL,74.2
Meherpur-2,1991,BNP,74.1
Narsingdi-1,2001,BNP,74.0
Sunamganj-4,2001,BNP,74.0
Mymensingh-5,2001,BNP,74.0
Faridpur-4,1996,AL,74.0
Netrokona-3,1996,BNP,74.0
Jamalpur-3,2001,AL,74.0
Jhenaidah-3,1991,BNP,74.0
Naogaon-6,1991,BNP,73.9
Habiganj-3,2001,AL,73.9
Chittagong-11,1996,BNP,73.9
Comilla-11,2001,BNP,73.8
Chittagong-10,1996,BNP,73.7
Chandpur-1,2001,BNP,73.7
Shariatpur-1,1996,AL,73.7
Netrokona-2,1996,AL,73.7
Barisal-5,1996,BNP,73.7
Mymensingh-3,2001,AL,73.6
Chittagong-11,2001,BNP,73.6
Natore-2,1991,AL,73.6
Naogaon-5,1991,BNP,73.5
Gopalganj-1,1996,AL,73.4
Sherpur-2,1996,AL,73.4
Khulna-2,2001,BNP,73.3
Comilla-4,1996,BNP,73.3
Mymensingh-11,1996,AL,73.3
Sunamganj-1,1996,AL,73.2
Cox's Bazar-4,2001,BNP,73.2
Sylhet-3,2001,BNP,73.1
Dhaka-12,2008,AL,73.1
Comilla-6,1996,AL,73.1
Shariatpur-2,1996,AL,73.0
Habiganj-2,1996,AL,72.9
Natore-4,1991,AL,72.9
Madaripur-2,1996,AL,72.8
Chittagong-15,2001,BNP,72.7
Munshiganj-1,2001,BNP,72.7
Shariatpur-3,2001,AL,72.7
Chittagong-5,2001,BNP,72.7
Magura-1,1991,BNP,72.6
Chittagong-7,2001,BNP,72.6
Comilla-7,1996,AL,72.6
Dhaka-7,1996,BNP,72.6
Kushtia-1,1991,BNP,72.4
Kishoreganj-5,2001,AL,72.3
Chandpur-5,2001,BNP,72.3
Barisal-4,1996,BNP,72.3
Jessore-2,1991,AL,72.2
Brahmanbaria-3,2001,BNP,72.2
Feni-2,1996,AL,72.2
Comilla-10,1996,AL,72.2
Sylhet-2,2001,BNP,72.2
Gopalganj-1,2001,AL,72.1
Kishoreganj-1,1996,AL,72.1
Bogra-1,1996,BNP,72.0
Chandpur-2,1996,AL,72.0
Chandpur-5,1996,AL,71.9
Kishoreganj-4,1996,AL,71.9
Sunamganj-3,2001,AL,71.9
Habiganj-2,2001,AL,71.8
Jhenaidah-1,1991,BNP,71.8
Barisal-3,1996,BNP,71.7
Cox's Bazar-2,2001,AL,71.7
Dhaka-15,2008,AL,71.7
Naogaon-3,1991,BNP,71.6
Jessore-5,1991,AL,71.6
Bogra-1,2001,BNP,71.5
Comilla-5,2001,BNP,71.4
Mymensingh-2,2001,BNP,71.4
Sherpur-1,2001,AL,71.4
Dinajpur-2,1991,AL,71.4
Narayanganj-4,1996,AL,71.3
Khulna-5,1991,AL,71.3
Brahmanbaria-6,2001,BNP,71.3
Sunamganj-4,1996,BNP,71.1
Tangail-6,2001,BNP,71.0
Dhaka-11,2008,AL,71.0
Munshiganj-2,2001,BNP,70.9
Habiganj-1,2001,AL,70.8
Comilla-5,1996,AL,70.8
Bhola-3,1996,BNP,70.8
Sylhet-4,2001,BNP,70.6
Chittagong-14,1996,BNP,70.5
Chittagong-12,2001,BNP,70.5
Chittagong-8,1996,BNP,70.4
Chittagong-12,1996,BNP,70.4
Pirojpur-3,2001,BNP,70.3
Jessore-4,1991,AL,70.3
Mymensingh-3,1996,BNP,70.3
Patuakhali-4,1996,AL,70.2
Madaripur-3,1996,AL,70.2
Naogaon-2,1991,AL,70.2
Sherpur-3,2001,BNP,70.2
Comilla-10,2001,BNP,70.1
Madaripur-3,2001,AL,70.1
Tangail-6,1996,BNP,70.0
Chittagong-4,1996,AL,70.0
Mymensingh-10,1996,AL,70.0
Mymensingh-1,1996,BNP,69.9
Chittagong-5,1996,BNP,69.9
Cox's Bazar-2,1996,BNP,69.9
Sunamganj-5,2001,BNP,69.8
Chittagong-4,2001,AL,69.8
Dhaka-8,1996,AL,69.8
Dhaka-12,2001,BNP,69.7
Rajbari-1,2001,BNP,69.6
Chittagong-6,2001,AL,69.6
Patuakhali-4,2001,AL,69.6
Bogra-4,1991,BNP,69.5
Thakurgaon-1,1991,AL,69.5
Chittagong-7,1996,BNP,69.4
Mymensingh-7,2001,AL,69.4
Patuakhali-2,1996,AL,69.4
Mymensingh-4,2001,BNP,69.3
Chandpur-1,1996,BNP,69.3
Cox's Bazar-4,1996,AL,69.2
Jhenaidah-4,1991,BNP,69.2
Feni-1,2001,BNP,69.1
Barguna-2,2001,BNP,69.1
Gazipur-2,2001,AL,69.0
Jessore-3,1991,AL,69.0
Comilla-6,2001,BNP,69.0
Thakurgaon-3,1991,AL,69.0
Kushtia-4,1991,AL,68.9
Pabna-4,1991,BNP,68.8
Brahmanbaria-5,1996,AL,68.7
Madaripur-1,1996,AL,68.7
Kushtia-3,1991,BNP,68.6
Chuadanga-1,1991,BNP,68.6
Jamalpur-1,1996,AL,68.6
Pabna-3,1991,BNP,68.5
Comilla-8,1996,BNP,68.5
Dhaka-5,1996,AL,68.4
Chandpur-3,1996,BNP,68.3
Narayanganj-4,2001,BNP,68.3
Barisal-6,1996,AL,68.2
Feni-2,2001,BNP,68.2
Sunamganj-3,1996,AL,68.2
Magura-2,1991,AL,68.1
Shariatpur-2,2001,AL,68.1
Habiganj-1,1996,AL,68.0
Dhaka-3,2001,BNP,68.0
Madaripur-1,2001,AL,68.0
Bogra-3,1991,BNP,68.0
Sylhet-6,1996,AL,67.9
Sylhet-1,2001,BNP,67.9
Faridpur-4,2001,AL,67.8
Brahmanbaria-4,2001,BNP,67.8
Chittagong-3,2001,BNP,67.8
Mymensingh-8,2001,BNP,67.7
Madaripur-2,2001,AL,67.7
Chittagong-15,1996,BNP,67.7
Manikganj-2,1991,BNP,67.6
Comilla-2,1996,BNP,67.6
Jamalpur-2,1996,AL,67.5
Mymensingh-5,1996,BNP,67.4
Feni-3,1996,BNP,67.3
Dhaka-7,2001,BNP,67.3
Chittagong-10,2001,BNP,67.2
Sunamganj-5,1996,AL,67.2
Feni-3,2001,BNP,67.2
Dhaka-6,1996,AL,67.0
Narayanganj-2,1991,BNP,67.0
Sirajganj-1,1996,AL,67.0
Sherpur-1,1996,AL,66.9
Chittagong-9,1996,AL,66.8
Bogra-7,1991,BNP,66.8
Noakhali-3,2001,BNP,66.7
Dhaka-11,1996,AL,66.7
Chittagong-6,1996,BNP,66.7
Joypurhat-1,1991,BNP,66.7
Sylhet-1,1996,AL,66.6
Chandpur-4,1996,BNP,66.6
Jamalpur-2,2001,BNP,66.6
Dhaka-9,1996,AL,66.5
Sirajganj-5,2001,BNP,66.5
Chittagong-1,1996,AL,66.4
Lakshmipur-1,2001,BNP,66.4
Khulna-1,1991,AL,66.3
Bhola-4,1996,BNP,66.2
Bhola-1,1996,AL,66.2
Noakhali-1,1996,BNP,66.2
Chittagong-8,2001,BNP,66.1
Jhenaidah-2,1991,BNP,66.0
Barguna-1,1996,AL,65.9
Dhaka-4,1996,AL,65.9
Gazipur-3,1991,AL,65.9
Narsingdi-2,1991,BNP,65.8
Dhaka-10,1996,AL,65.7
Chittagong-10,2008,AL,65.7
Jhalokati-2,2001,BNP,65.5
Faridpur-3,1991,BNP,65.4
Noakhali-5,2001,BNP,65.3
Chittagong-3,1996,AL,65.3
Sirajganj-1,2001,AL,65.3
Patuakhali-2,2001,BNP,65.1
Comilla-3,2001,BNP,65.0
Sylhet-2,1996,AL,65.0
Barisal-2,2001,BNP,64.8
Barisal-3,2001,BNP,64.8
Mymensingh-9,2001,BNP,64.8
Joypurhat-2,1991,BNP,64.6
Dhaka-8,2001,BNP,64.5
Comilla-4,2001,BNP,64.5
Dinajpur-4,1991,AL,64.4
Bogra-6,1991,BNP,64.4
Jhalokati-1,2001,BNP,64.1
Habiganj-2,1996,AL,64.0
Jamalpur-3,1996,AL,63.9
Dinajpur-1,1991,AL,63.9
Barisal-5,2001,BNP,63.8
Noakhali-5,1996,AL,63.8
Manikganj-3,1991,BNP,63.6
Noakhali-1,2001,BNP,63.1
Dinajpur-5,1991,AL,62.9
Mymensingh-7,1996,AL,62.9
Noakhali-6,1996,BNP,62.8
Chandpur-4,2001,BNP,62.8
Noakhali-3,1996,BNP,62.7
Comilla-1,2001,BNP,62.7
Lakshmipur-2,2001,BNP,62.7
Narsingdi-3,1991,BNP,62.5
Sylhet-5,1996,AL,62.4
Chandpur-3,2001,BNP,62.3
Bhola-2,1996,AL,62.2
Lakshmipur-2,1996,BNP,62.2
Comilla-2,2001,BNP,62.2
Rajbari-1,1991,AL,62.1
Panchagarh-1,1991,BNP,62.1
Comilla-1,1996,BNP,62.1
Bogra-5,1991,BNP,62.1
Patuakhali-1,1996,AL,62.0
Sylhet-4,1996,BNP,61.9
Dhaka-5,2001,BNP,61.8
Gazipur-2,1991,BNP,61.8
Nilphamari-1,1991,AL,61.7
Patuakhali-3,1996,AL,61.6
Mymensingh-6,1996,AL,61.4
Patuakhali-3,2001,AL,61.4
Bagerhat-2,1991,BNP,61.3
Patuakhali-1,2001,BNP,61.3
Bhola-1,2001,BNP,61.2
Sherpur-3,1996,AL,61.0
Noakhali-2,1996,BNP,61.0
Dhaka-1,1991,BNP,60.7
Barisal-1,1991,AL,60.6
Kushtia-2,1991,BNP,60.4
Noakhali-2,2001,BNP,60.3
Chittagong-9,2001,BNP,60.3
Tangail-3,1991,BNP,60.2
Barisal-6,2001,BNP,60.1
Dhaka-6,2001,BNP,60.1
Chittagong-1,1991,BNP,60.0
Narail-2,1991,AL,60.0
Gazipur-4,1991,BNP,59.9
Moulvibazar-4,1991,AL,59.8
Bagerhat-1,1991,AL,59.8
Dhaka-11,2001,BNP,59.7
Dhaka-4,2001,BNP,59.6
Comilla-8,2001,BNP,59.5
Lakshmipur-1,1996,BNP,59.4
Dhaka-12,1991,BNP,59.3
Noakhali-4,1996,BNP,59.2
Noakhali-4,2001,BNP,59.2
Bhola-3,2001,BNP,59.1
Mymensingh-9,1996,AL,59.0
Chittagong-11,1991,BNP,59.0
Munshiganj-1,1991,BNP,58.9
Dhaka-3,1991,BNP,58.7
Sirajganj-3,1991,BNP,58.7
Nilphamari-3,1991,AL,58.7
Comilla-11,1996,AL,58.7
Pabna-2,1991,BNP,58.6
Tangail-7,1991,BNP,58.5
Khulna-4,1991,AL,58.3
Narsingdi-4,1991,BNP,58.3
Chittagong-2,1991,BNP,58.2
Dhaka-7,1991,BNP,58.1
Kishoreganj-6,1991,BNP,58.1
Mymensingh-2,1996,AL,58.0
Narsingdi-5,1991,BNP,57.9
Narsingdi-1,1991,BNP,57.8
Mymensingh-8,1996,AL,57.7
Chandpur-2,2001,BNP,57.7
Dhaka-2,1991,BNP,57.4
Bhola-4,2001,BNP,57.3
Tangail-2,1991,BNP,57.2
Faridpur-1,1991,AL,57.0
Netrokona-4,1991,BNP,57.0
Khulna-3,1991,BNP,56.9
Mymensingh-10,1991,AL,56.9
Chittagong-13,1991,BNP,56.7
Bagerhat-3,1991,AL,56.6
Faridpur-2,1991,AL,56.6
Dhaka-9,2001,BNP,56.3
Sunamganj-4,1991,AL,56.2
Narayanganj-5,1991,BNP,56.1
Dhaka-10,2001,BNP,56.1
Chittagong-8,1991,BNP,56.0
Gopalganj-3,1991,AL,56.0
Sirajganj-2,1991,BNP,55.9
Manikganj-1,1991,BNP,55.8
Brahmanbaria-6,1991,BNP,55.8
Mymensingh-11,1991,BNP,55.7
Sherpur-2,1991,AL,55.4
Narail-1,1991,AL,55.2
Habiganj-4,1991,AL,55.2
Comilla-8,1991,BNP,55.0
Brahmanbaria-3,1991,BNP,54.8
Habiganj-2,1991,AL,54.8
Tangail-8,1991,BNP,54.8
Munshiganj-2,1991,BNP,54.8
Jamalpur-4,1991,BNP,54.0
Lakshmipur-4,2001,BNP,53.8
Brahmanbaria-2,1991,BNP,53.4
Cox's Bazar-3,1991,AL,53.0
Cox's Bazar-4,1991,BNP,53.0
Tangail-1,1991,AL,52.8
Comilla-7,1991,BNP,52.8
Gopalganj-1,1991,AL,52.7
Barisal-4,2001,BNP,52.6
Sirajganj-5,1991,BNP,52.5
Narayanganj-4,1991,BNP,52.4
Pirojpur-1,1991,AL,52.3
Chittagong-5,1991,BNP,52.3
Mymensingh-1,1991,AL,52.1
Netrokona-2,1991,BNP,52.1
Bogra-1,1991,BNP,52.1
Chittagong-10,1991,BNP,51.8
Kishoreganj-5,1991,AL,51.3
Chittagong-3,1991,AL,51.2
Faridpur-4,1991,AL,51.2
Dhaka-6,1991,BNP,51.0
Bhola-2,2001,BNP,51.0
Moulvibazar-3,1991,AL,50.9
Khulna-2,1991,BNP,50.9
Brahmanbaria-4,1991,BNP,50.4
Tangail-6,1991,BNP,50.3
Dhaka-9,1991,BNP,50.3
Mymensingh-3,1991,AL,49.9
Patuakhali-4,1991,AL,49.6
Kishoreganj-4,1991,AL,49.4
Netrokona-3,1991,AL,49.4
Chittagong-9,1991,BNP,49.4
Netrokona-1,1991,BNP,48.9
Jamalpur-5,1991,BNP,48.8
Manikganj-2,2001,BNP,48.6
Madaripur-3,1991,AL,48.5
Mymensingh-4,1991,BNP,48.5
Chittagong-15,1991,AL,48.4
Dhaka-11,1991,BNP,48.3
Gopalganj-2,1991,AL,48.2
Dhaka-10,1991,BNP,48.2
Barisal-5,1991,BNP,47.9
Comilla-3,1991,BNP,47.9
Shariatpur-1,1991,AL,47.8
Comilla-1,1991,BNP,47.8
Chittagong-12,1991,AL,47.7
Dhaka-5,1991,BNP,47.7
Kishoreganj-1,1991,BNP,47.7
Mymensingh-7,1991,BNP,47.7
Bhola-1,1991,AL,47.7
Dhaka-8,1991,BNP,47.5
Chandpur-2,1991,BNP,47.3
Madaripur-1,1991,AL,47.1
Jamalpur-2,1991,AL,46.8
Chandpur-1,1991,AL,46.5
Sherpur-3,1991,BNP,45.8
Barisal-6,1991,BNP,45.8
Feni-1,1991,BNP,45.4
Barguna-1,1991,AL,45.3
Mymensingh-5,1991,BNP,45.3
Jamalpur-3,1991,AL,44.7
Jhalokati-2,1991,BNP,44.2
Chandpur-5,1991,BNP,44.2
Sirajganj-1,1996,AL,44.0
Chittagong-4,1991,AL,43.7
Comilla-5,1991,AL,43.7
Chandpur-4,1991,BNP,43.5
Chandpur-3,1991,BNP,43.5
Kurigram-3,1991,AL,43.5
Shariatpur-2,1991,AL,43.3
Jhalokati-1,1991,BNP,43.2
Mymensingh-6,1991,BNP,43.0
Sunamganj-3,1991,AL,43.0
Noakhali-6,1991,AL,42.9
Cox's Bazar-3,2001,BNP,42.6
Feni-3,1991,BNP,42.6
Comilla-4,1991,BNP,42.2
Comilla-10,1991,BNP,42.0
Dhaka-4,1991,BNP,41.8
Patuakhali-2,1991,AL,41.7
Mymensingh-9,1991,BNP,41.6
Sirajganj-1,1991,AL,41.2
Comilla-2,1991,BNP,41.0
Lakshmipur-4,1991,BNP,40.5
Feni-2,1991,AL,40.3
Sylhet-1,1991,BNP,40.3
Mymensingh-2,1991,AL,39.5
Moulvibazar-3,2001,BNP,39.5
Patuakhali-3,1991,AL,38.8
Comilla-11,1991,BNP,38.3
Jamalpur-1,1991,AL,38.2
Noakhali-3,1991,BNP,38.0
Barisal-3,1991,BNP,37.7
Barisal-4,1991,AL,37.7
Lakshmipur-1,1991,BNP,37.6
Patuakhali-1,1991,BNP,36.7
Noakhali-2,1991,BNP,35.0
Sylhet-4,1991,AL,35.0
Bhola-4,1991,AL,34.5
Noakhali-4,1991,BNP,33.3
Noakhali-1,1991,BNP,33.2
Bhola-2,1991,AL,30.2
Lakshmipur-2,1991,BNP,29.4
